2025,1,1,images,69067
2025,1,2,images,69067
2025,1,3,images,69067
2025,1,4,images,69067
2025,1,5,images,69067
2025,1,6,images,69067
2025,1,8,images,69067
2025,1,9,images,69067
2025,1,10,images,69067
2025,1,11,images,69067
2025,1,12,images,69067
2025,1,13,images,69067
2025,1,14,images,69067
2025,1,16,images,69067
2025,1,17,images,69067
2025,1,18,images,69067
2025,1,19,images,69067
2025,1,20,images,69067
2025,1,21,images,69067
2025,1,22,images,69067
2025,1,23,images,69067
2025,1,25,images,69067
2025,1,26,images,69067
2025,1,27,images,69067
2025,1,28,images,69067
2025,1,31,images,69067
2025,2,2,images,69067
2025,2,3,images,69067
2025,2,4,images,69067
2025,2,7,images,69073
2025,2,8,images,69073
2025,2,9,images,69073
2025,2,11,images,69073
2025,2,12,images,69073
2025,2,13,images,69073
2025,2,14,images,69073
2025,2,15,images,69073
2025,2,16,images,69073
2025,2,17,images,69073
2025,2,18,images,69073
2025,2,19,images,69080
2025,2,20,images,69080
2025,2,21,images,69080
2025,2,22,images,69080
2025,2,23,images,69080
2025,2,24,images,69080
2025,2,25,images,69080
2025,2,28,images,69080
2025,3,1,images,69080
2025,3,2,images,69080
2025,3,3,images,69080
2025,3,4,images,69080
2025,3,5,images,69080
2025,3,6,images,69080
2025,3,7,images,69080
2025,3,8,images,69080
2025,3,10,images,69080
2025,3,12,images,69080
2025,3,16,images,69080
2025,3,17,images,69080
2025,3,18,images,69080
2025,3,19,images,69080
2025,3,20,images,69080
2025,3,22,images,69080
2025,3,23,images,69080
2025,3,24,images,69080
2025,3,25,images,69080
2025,3,26,images,69080
2025,3,30,images,69080
2025,3,31,images,69080
2025,4,2,images,69084
2025,4,5,images,69084
2025,4,19,images,69085
2025,4,20,images,69085
2025,4,21,images,69085
2025,4,25,images,69085
2025,4,27,images,69085
2025,4,28,images,69085
2025,5,2,images,69085
2025,5,5,images,69085
2025,5,6,images,69085
2025,5,10,images,69085
2025,5,11,images,69085
2025,5,15,images,69085
2025,5,16,images,69085
2025,5,17,images,69085
2025,5,18,images,69085
2025,5,20,images,69085
2025,5,21,images,69085
2025,5,22,images,69085
2025,5,23,images,69085
2025,5,24,images,69085
2025,5,25,images,69085
2025,5,26,images,69085
2025,5,27,images,69085
2025,5,29,images,69085
2025,5,30,images,69085
2025,6,1,images,69085
2025,6,4,images,69085
2025,6,5,images,69085
2025,6,7,images,69087
2025,6,8,images,69087
2025,6,9,images,69087
2025,6,10,images,69269
2025,6,11,images,69269
2025,6,12,images,69269
2025,6,13,images,69269
2025,6,14,images,69269
2025,6,15,images,69269
2025,6,17,images,69269
2025,6,18,images,69269
2025,6,19,images,69269
2025,6,24,images,69269
2025,6,25,images,69269
2025,6,27,images,69269
2025,6,28,images,69269
2025,6,29,images,69269
2025,6,30,images,69269
2025,7,7,images,69269
2025,7,11,images,69269
2025,7,13,images,69269
2025,7,14,images,69269
2025,7,15,images,69269
2025,7,16,images,69269
2025,7,17,images,69269
2025,7,18,images,69269
2025,7,19,images,69269
2025,7,20,images,69269
2025,7,21,images,69269
2025,7,22,images,69269
2025,7,23,images,69269
2025,7,25,images,69270
2025,7,26,images,69270
2025,7,28,images,69270
2025,7,29,images,69270
2025,7,31,images,69270
2025,8,2,images,69270
2025,8,3,images,69270
2025,8,4,images,69270
2025,8,6,images,69270
2025,8,7,images,69270
2025,8,9,images,69270
2025,8,10,images,69270
2025,8,11,images,69270
2025,8,12,images,69270
2025,8,15,images,69270
2025,8,16,images,69270
2025,8,17,images,69270
2025,8,19,images,69270
2025,8,24,images,69270
2025,8,25,images,69270
2025,8,31,images,69300
2025,9,1,images,69300
