2023,1,1,images,1063357
2023,1,2,images,1063357
2023,1,3,images,1063357
2023,1,5,images,1063513
2023,1,6,images,1063550
2023,1,7,images,1063561
2023,1,8,images,1063561
2023,1,9,images,1063561
2023,1,10,images,1063587
2023,1,11,images,1063689
2023,1,12,images,1063704
2023,1,13,images,1063749
2023,1,14,images,1063756
2023,1,15,images,1063756
2023,1,16,images,1063756
2023,1,17,images,1063761
2023,1,19,images,1064126
2023,1,20,images,1064198
2023,1,21,images,1064224
2023,1,22,images,1064224
2023,1,23,images,1064224
2023,1,25,images,1064826
2023,1,26,images,1064865
2023,1,27,images,1065015
2023,1,28,images,1065039
2023,1,29,images,1065039
2023,1,30,images,1065039
2023,2,2,images,1065147
2023,2,4,images,1065704
2023,2,5,images,1065705
2023,2,6,images,1065705
2023,2,7,images,1065770
2023,2,8,images,1066486
2023,2,9,images,1066498
2023,2,10,images,1066690
2023,2,11,images,1066701
2023,2,12,images,1066701
2023,2,13,images,1066701
2023,2,14,images,1066743
2023,2,15,images,1066825
2023,2,17,images,1068532
2023,2,19,images,1068603
2023,2,20,images,1068719
2023,2,21,images,1068813
2023,2,22,images,1068870
2023,2,23,images,1068933
2023,2,24,images,1068933
2023,2,25,images,1069112
2023,2,27,images,1069112
2023,2,28,images,1069330
2023,3,1,images,1069374
2023,3,2,images,1069568
2023,3,3,images,1069725
2023,3,4,images,1070015
2023,3,5,images,1070015
2023,3,6,images,1070015
2023,3,7,images,1069517
2023,3,8,images,1069562
2023,3,9,images,1069616
2023,3,12,images,1069666
2023,3,13,images,1069666
2023,3,14,images,1069701
2023,3,16,images,1069821
2023,3,17,images,1069799
2023,3,19,images,1069869
2023,3,20,images,1069869
2023,3,22,images,1069994
2023,3,23,images,1070439
2023,3,27,images,1070489
2023,3,30,images,1070614
2023,4,1,images,1070695
2023,4,2,images,1070695
2023,4,3,images,1070700
2023,4,4,images,1070732
2023,4,5,images,1070751
2023,4,6,images,1070751
2023,4,7,images,1070751
2023,4,8,images,1070751
2023,4,9,images,1070751
2023,4,10,images,1070751
2023,4,11,images,1070751
2023,4,12,images,1070751
2023,4,16,images,1072648
2023,4,18,images,1072652
2023,4,20,images,1072683
2023,4,21,images,1072700
2023,4,22,images,1072705
2023,4,23,images,1072705
2023,4,24,images,1072705
2023,4,26,images,1072747
2023,4,29,images,1072807
2023,4,30,images,1072807
2023,5,1,images,1072808
2023,5,2,images,1072809
2023,5,4,images,1072816
2023,5,7,images,1072882
2023,5,8,images,1072883
2023,5,9,images,1072885
2023,5,12,images,1072999
2023,5,14,images,1073222
2023,5,15,images,1073222
2023,5,16,images,1073276
2023,5,17,images,1073279
2023,5,18,images,1073333
2023,5,19,images,1073324
2023,5,20,images,1073485
2023,5,21,images,1073485
2023,5,22,images,1073485
2023,5,25,images,1073570
2023,5,28,images,1073623
2023,5,29,images,1073623
2023,5,30,images,1073625
2023,5,31,images,1073640
2023,6,1,images,1073640
2023,6,2,images,1073640
2023,6,3,images,1073640
2023,6,4,images,1073640
2023,6,5,images,1073640
2023,6,8,images,1073753
2023,6,9,images,1073753
2023,6,11,images,1073849
2023,6,12,images,1073849
2023,6,14,images,1074157
2023,6,15,images,1074174
2023,6,16,images,1074428
2023,6,17,images,1074439
2023,6,18,images,1074439
2023,6,19,images,1074439
2023,6,20,images,1074448
2023,6,21,images,1074461
2023,6,24,images,1074582
2023,6,25,images,1074582
2023,6,26,images,1074582
2023,6,29,images,1074985
2023,6,30,images,1075263
2023,7,2,images,1075318
2023,7,3,images,1075318
2023,7,4,images,1075342
2023,7,5,images,1075410
2023,7,7,images,1075495
2023,7,10,images,1075736
2023,7,12,images,1076243
2023,7,13,images,1076256
2023,7,14,images,1076346
2023,7,15,images,1076523
2023,7,16,images,1076523
2023,7,17,images,1076523
2023,7,18,images,1076964
2023,7,19,images,1076992
2023,7,20,images,1077104
2023,7,21,images,1077138
2023,7,22,images,1077138
2023,7,23,images,1077138
2023,7,24,images,1077139
2023,7,25,images,1077140
2023,7,27,images,1077380
2023,7,29,images,1077814
2023,7,30,images,1077814
2023,7,31,images,1077814
2023,8,1,images,1077893
2023,8,2,images,1078067
2023,8,3,images,1078139
2023,8,4,images,1078426
2023,8,5,images,1078433
2023,8,6,images,1078433
2023,8,7,images,1078438
2023,8,8,images,1078494
2023,8,9,images,1078574
2023,8,10,images,1078706
2023,8,13,images,1078845
2023,8,15,images,1078850
2023,8,17,images,1078935
2023,8,18,images,1078751
2023,8,19,images,1078760
2023,8,21,images,1078760
2023,8,22,images,1078775
2023,8,24,images,1078803
2023,8,25,images,1078803
2023,8,28,images,1078819
2023,8,29,images,1078819
2023,8,30,images,1078910
2023,9,3,images,1079914
2023,9,4,images,1079914
2023,9,5,images,1079934
2023,9,7,images,1079979
2023,9,10,images,1080214
2023,9,11,images,1080214
2023,9,12,images,1080497
2023,9,13,images,1080545
2023,9,15,images,1080663
2023,9,16,images,1080863
2023,9,17,images,1080874
2023,9,18,images,1080874
2023,9,19,images,1080868
2023,9,20,images,1082437
2023,9,22,images,1082530
2023,9,23,images,1082602
2023,9,24,images,1082602
2023,9,25,images,1082621
2023,9,26,images,1082653
2023,9,30,images,1082795
2023,10,1,images,1082795
2023,10,2,images,1082795
2023,10,5,images,1083322
2023,10,6,images,1083340
2023,10,7,images,1083380
2023,10,8,images,1083380
2023,10,9,images,1083380
2023,10,10,images,1083401
2023,10,11,images,1083419
2023,10,13,images,1083505
2023,10,14,images,1083507
2023,10,15,images,1083508
2023,10,16,images,1083508
2023,10,18,images,1083586
2023,10,20,images,1083923
2023,10,21,images,1083931
2023,10,22,images,1083931
2023,10,24,images,1083937
2023,10,25,images,1083952
2023,10,26,images,1084091
2023,10,28,images,1084304
2023,10,29,images,1084304
2023,10,30,images,1084304
2023,10,31,images,1084307
2023,11,1,images,1084327
2023,11,5,images,1084365
2023,11,6,images,1084495
2023,11,7,images,1084502
2023,11,8,images,1084930
2023,11,9,images,1084931
2023,11,10,images,1085079
2023,11,11,images,1085245
2023,11,12,images,1085245
2023,11,13,images,1085245
2023,11,15,images,1085328
2023,11,16,images,1085337
2023,11,17,images,1085509
2023,11,18,images,1085585
2023,11,19,images,1085588
2023,11,21,images,1085628
2023,11,22,images,1085722
2023,11,23,images,1085726
2023,11,24,images,1085753
2023,11,25,images,1085806
2023,11,26,images,1085806
2023,11,27,images,1085806
